,trial,eta,chi,fidelity,purity,AT_fidelity,W3_name_T,W3_min_T,W3_name_AT,W3_min_AT,W3_name_E,W3_min_E,W3_unc_E,W5_t1_name_T,W5_t1_min_T,W5_t1_name_AT,W5_t1_min_AT,W5_t1_name_E,W5_t1_min_E,W5_t1_unc_E,W5_t2_name_T,W5_t2_min_T,W5_t2_name_AT,W5_t2_min_AT,W5_t2_name_E,W5_t2_min_E,W5_t2_unc_E,W5_t3_name_T,W5_t3_min_T,W5_t3_name_AT,W5_t3_min_AT,W5_t3_name_E,W5_t3_min_E,W5_t3_unc_E,UV_HWP,QP,B_HWP
0,1,45.0,90.0,0.00901622223496079,0.9471605809468201,0.01633584987533106,1,0.031249999999999986,6,0.028581567390277368,2,0.019234235040559974,0.00031173034056642215,2,2.0816681711721685e-17,3,-0.0016736320013508736,2,-0.006850741375168763,0.00039064485377939164,6,-0.06249999999999995,6,-0.06003167012257111,6,-0.05591612942015657,0.0003320924077781163,9,-0.062499999999999986,8,-0.060034507827902844,9,-0.06062336646162394,0.00033671036866639683,-67.12737478049428,-28.13743446751645,67.5
