,trial,eta,chi,fidelity,purity,AT fidelity,W3 min T,W3 min AT,W3 min E,W3 unc E,W5 t1 min T,W5 t1 min AT,W5 t1 min E,W5 t1 unc E,W5 t2 min T,W5 t2 min AT,W5 t2 min E,W5 t2 unc E,W5 t3 min T,W5 t3 min AT,W5 t3 min E,W5 t3 unc E,UV_HWP,QP,B_HWP
0,1,45.0,90.0,0.4821191320890661,0.9474547237819724,0.8915787535653359,0.031249999999999986,0.028726228548101446,0.02364010784553409,0.0,0.000653688389755689,0.002065028367425343,0.010416857484959583,0.0,-0.0270336228361402,0.002065028367425343,0.0066553525010197455,0.0,-0.055843922750215116,-0.055469076478517086,-0.036472437828909465,0.0,-115.2803939016242,-27.027,67.5
