,trial,eta,chi,fidelity,purity,AT_fidelity,W3_min_T,W3_min_AT,W3_min_E,W3_unc_E,W5_t1_min_T,W5_t1_min_AT,W5_t1_min_E,W5_t1_unc_E,W5_t2_min_T,W5_t2_min_AT,W5_t2_min_E,W5_t2_unc_E,W5_t3_min_T,W5_t3_min_AT,W5_t3_min_E,W5_t3_unc_E,UV_HWP,QP,B_HWP
0,1,45.0,90.0,0.4821191320890661,0.9474547237819724,0.8915787535653359,0.03124999999999998,0.02863043127647474,0.02048221105152988,0.0002897395787026868,0.001387935200914625,-0.0014728806065282432,-0.004095944712502317,0.00043586635547796567,-0.020292348908296315,-0.01902518662282188,-0.010623801007343336,0.00042579539123428214,-0.05796899852810555,-0.04366015226911016,-0.042327255762816644,0.0004267160588099772,-115.2803939016242,-27.027,67.5
