,trial,eta,chi,fidelity,purity,AT_fidelity,W_min_T,Wp_t1_T,Wp_t2_T,Wp_t3_T,W_min_AT,W_min_expt,W_min_unc,Wp_t1_AT,Wp_t2_AT,Wp_t3_AT,Wp_t1_expt,Wp_t1_unc,Wp_t2_expt,Wp_t2_unc,Wp_t3_expt,Wp_t3_unc,UV_HWP,QP,B_HWP
0,1,45.0,90.0,0.4821191320890661,0.9474547237819724,0.8865636540618484,0.03124999999999998,0.002876347486108821,0.008258131448594747,-0.033888140790715074,0.028274683046882073,0.02844548261017945,0.0,0.017473871195729962,0.0009552802459969496,-0.04512337029738376,0.006589973723960979,0.0,0.00906269398332614,0.0,-0.015379778080807604,0.0,-115.2803939016242,-27.027,67.5
