,trial,eta,chi,fidelity,purity,AT fidelity,W3 min T,W3 min AT,W3 min E,W3 unc E,W5 t1 min T,W5 t1 min AT,W5 t1 min E,W5 t1 unc E,W5 t2 min T,W5 t2 min AT,W5 t2 min E,W5 t2 unc E,W5 t3 min T,W5 t3 min AT,W5 t3 min E,W5 t3 unc E,UV_HWP,QP,B_HWP
0,1,45.0,90.0,0.4821191320890661,0.9474547237819724,0.8915787535653359,0.031249999999999983,0.028607795909147624,0.021079940573625854,0.00025149711683813085,0.00018767400195234332,0.005421152967627585,0.001985684029136862,0.0004421811060466991,0.00018767400195234332,-0.04900781055689236,0.001985684029136862,0.00047839614801105005,-0.053368217424972046,-0.04900781055689236,-0.02926565356511543,0.000422413755674514,-115.2803939016242,-27.027,67.5
