,trial,eta,chi,fidelity,purity,AT_fidelity,W_min_T,Wp_t1_T,Wp_t2_T,Wp_t3_T,W_min_AT,W_min_expt,W_min_unc,Wp_t1_AT,Wp_t2_AT,Wp_t3_AT,Wp_t1_expt,Wp_t1_unc,Wp_t2_expt,Wp_t2_unc,Wp_t3_expt,Wp_t3_unc,UV_HWP,QP,B_HWP
0,1,45.0,90.0,0.4821191320890661,0.9474547237819724,0.8915787535653359,0.031249999999999983,0.004192742265159114,-0.02895720600625966,-0.06105731281925064,0.02860582866152216,0.024611418162252482,0.0,-0.0006094025770180153,-0.0006094025770180153,-0.005562363395070394,0.004348286217110699,0.0,0.0034819487770818705,0.0,-0.03250160798115274,0.0,-115.2803939016242,-27.027,67.5
