,trial,eta,chi,fidelity,purity,AT_fidelity,W3_name_T,W3_min_T,W3_name_AT,W3_min_AT,W3_name_E,W3_min_E,W3_unc_E,W5_t1_name_T,W5_t1_min_T,W5_t1_name_AT,W5_t1_min_AT,W5_t1_name_E,W5_t1_min_E,W5_t1_unc_E,W5_t2_name_T,W5_t2_min_T,W5_t2_name_AT,W5_t2_min_AT,W5_t2_name_E,W5_t2_min_E,W5_t2_unc_E,W5_t3_name_T,W5_t3_min_T,W5_t3_name_AT,W5_t3_min_AT,W5_t3_name_E,W5_t3_min_E,W5_t3_unc_E,UV_HWP,QP,B_HWP
0,1,45.0,90.0,0.00901622223496079,0.9471605809468201,0.01633584987533106,6,0.03124999999999998,2,0.028773152231882176,2,0.01955896914713751,0.00030140102974571243,1,0.017270436312775375,2,0.002590871471891276,1,0.01524729213148167,0.0005644008821328432,6,-0.041826057210972475,4,-0.0006533700750633829,6,-0.01662559815031104,0.00035715490740922885,8,-0.041996426915986575,8,-0.05720241839929094,9,-0.04486017621673539,0.0003455762460856847,-67.12737478049428,-28.13743446751645,67.5
