,trial,eta,chi,fidelity,purity,AT_fidelity,W3_min_T,W3_min_AT,W3_min_E,W3_unc_E,W5_t1_min_T,W5_t1_min_AT,W5_t1_min_E,W5_t1_unc_E,W5_t2_min_T,W5_t2_min_AT,W5_t2_min_E,W5_t2_unc_E,W5_t3_min_T,W5_t3_min_AT,W5_t3_min_E,W5_t3_unc_E,UV_HWP,QP,B_HWP
0,1,45.0,90.0,0.4821191320890661,0.9474547237819724,0.8915787535653359,0.031249999999999983,0.028663353299931832,0.020894391532952018,0.0003475615912055148,0.006077732882156186,0.00782525223358285,-0.002961402601545892,0.00043246882766386315,-0.02850869955772775,0.0037824838009684423,-0.002961402601545892,0.00043454586390116235,-0.05391548437088807,-0.04763994479513928,-0.025185698451987475,0.000438693927244944,-115.2803939016242,-27.027,67.5
