,trial,eta,chi,fidelity,purity,AT_fidelity,W_min_T,Wp_t1_T,Wp_t2_T,Wp_t3_T,W_min_AT,W_min_expt,W_min_unc,Wp_t1_AT,Wp_t2_AT,Wp_t3_AT,Wp_t1_expt,Wp_t1_unc,Wp_t2_expt,Wp_t2_unc,Wp_t3_expt,Wp_t3_unc,UV_HWP,QP,B_HWP
0,1,45.0,90.0,0.4821191320890661,0.9474547237819724,0.8865636540618484,0.031249999999999983,0.0045581673256703675,-0.05457334226907594,-0.03756513070236541,0.0283020875441008,0.020524936894003178,0.0,-0.0005510543331387232,-0.021737036819664022,-0.03512746689740285,0.008589396074891228,0.0,-0.03381105911236351,0.0,-0.03783790514929162,0.0,-115.2803939016242,-27.027,67.5
