,trial,eta,chi,fidelity,purity,AT_fidelity,W3_name_T,W3_min_T,W3_name_AT,W3_min_AT,W3_name_E,W3_min_E,W3_unc_E,W5_t1_name_T,W5_t1_min_T,W5_t1_name_AT,W5_t1_min_AT,W5_t1_name_E,W5_t1_min_E,W5_t1_unc_E,W5_t2_name_T,W5_t2_min_T,W5_t2_name_AT,W5_t2_min_AT,W5_t2_name_E,W5_t2_min_E,W5_t2_unc_E,W5_t3_name_T,W5_t3_min_T,W5_t3_name_AT,W5_t3_min_AT,W5_t3_name_E,W5_t3_min_E,W5_t3_unc_E,UV_HWP,QP,B_HWP
0,1,45.0,0.057295779513082325,0.49077889671744196,0.9863428804974689,0.9549303888910562,1,2.343749658240135e-08,2,2.3010342302301872e-08,3,0.0003634791528279238,0.0001302539141030607,3,1.3877787807814457e-17,3,1.418649919759929e-12,3,-0.0005909257761716954,0.0003839729653569969,6,-6.249998958330477e-05,6,-6.185981254270417e-05,6,-0.0193136776612128,0.00043738227622143553,7,-6.249998958330477e-05,7,-6.185981254270417e-05,7,-0.0193136776612128,0.0005246048272867045,-136.7361796634935,-28.13743446751645,67.5
