,trial,chi,fidelity,purity,AT_fidelity,W3_name_T,W3_min_T,W3_name_AT,W3_min_AT,W3_name_E,W3_min_E,W3_unc_E,W5_t1_name_T,W5_t1_min_T,W5_t1_name_AT,W5_t1_min_AT,W5_t1_name_E,W5_t1_min_E,W5_t1_unc_E,W5_t2_name_T,W5_t2_min_T,W5_t2_name_AT,W5_t2_min_AT,W5_t2_name_E,W5_t2_min_E,W5_t2_unc_E,W5_t3_name_T,W5_t3_min_T,W5_t3_name_AT,W5_t3_min_AT,W5_t3_name_E,W5_t3_min_E,W5_t3_unc_E,UV_HWP,QP,B_HWP
0,7,0.057295779513082325,0.4891622331490914,0.9856381853001132,0.9642739892754245,2,9.374998630184983e-08,2,9.195312479544866e-08,3,0.0010684580535213484,0.0005755142386021576,3,3.885780586188048e-16,3,-2.258887521477959e-12,3,-0.001979937221661371,0.0016228563460569765,6,3.5703770156682725e-16,6,-8.880320393415418e-10,6,0.0002680378700543277,0.0012184835027185736,8,-0.0002499999583333301,9,-0.00024730711893522495,9,-0.09496081745546625,0.001671515902398936,-136.14106569109407,-26.98906575253135,67.5
