,QP,DR,DL,AR,AL,RR,RL,LR,LL
0,5.0,1093+/-14,529+/-13,468+/-10,1163+/-29,82.6+/-3.3,1537+/-18,1463+/-12,133+/-5
1,3.571428571428571,1048+/-13,569+/-13,491+/-12,1108+/-12,65.0+/-3.2,1513+/-13,1492+/-16,110+/-6
2,2.142857142857143,1015+/-10,603+/-21,524+/-19,1112+/-9,60+/-4,1545+/-7,1521+/-9,108+/-4
3,0.7142857142857144,1026+/-11,600+/-8,531+/-10,1102+/-14,57.0+/-3.0,1521+/-13,1542+/-17,91.8+/-1.5
4,-0.7142857142857144,997+/-11,591+/-11,520+/-5,1130+/-18,54.8+/-2.9,1533+/-17,1526+/-18,102+/-7
5,-2.1428571428571432,1032+/-20,572+/-4,519+/-14,1110+/-18,57.4+/-2.9,1589+/-14,1545+/-14,109+/-4
6,-3.571428571428571,1049+/-8,551+/-9,479+/-13,1186+/-18,72.2+/-3.0,1550+/-14,1522+/-18,128.6+/-3.4
7,-5.0,1110+/-13,492+/-10,439+/-6,1195+/-15,89+/-4,1512+/-9,1488+/-9,145.4+/-2.2
