,trial,eta,chi,fidelity,purity,AT_fidelity,W_min_T,Wp_t1_T,Wp_t2_T,Wp_t3_T,W_min_AT,W_min_expt,W_min_unc,Wp_t1_AT,Wp_t2_AT,Wp_t3_AT,Wp_t1_expt,Wp_t1_unc,Wp_t2_expt,Wp_t2_unc,Wp_t3_expt,Wp_t3_unc,UV_HWP,QP,B_HWP
0,0,45.0,90.0,0.21734049456786841,0.9400555503725923,0.43468098841063535,0.124999985,0.025401898,0.04226663,-0.24532473,0.124999985,0.0017905160784721375,0.0,0.0035967827,-0.07871436,-0.08254118,0.0021291151642799377,0.0,-0.16547423601150513,0.0,-0.29617422819137573,0.0,-66.02461563913445,-21.288,67.5
